"","frequency.1.500."
"airbnb",4240
"new",1668
"2015",840
"can",820
"will",741
"one",717
"like",703
"design",688
"people",668
"company",637
"business",635
"hosts",622
"home",619
"travel",582
"get",577
"2014",556
"news",553
"just",533
"york",522
"email",503
"now",496
"also",489
"share",473
"host",466
"city",449
"guests",439
"hotel",439
"world",414
"facebook",407
"san",406
"<d0>",403
"time",395
"may",388
"ago",385
"2012",377
"service",371
"make",370
"mobile",364
"site",361
"use",353
"apartment",347
"work",347
"experience",346
"first",346
"it<d5>s",346
"francisco",341
"search",340
"comments",332
"app",329
"local",329
"google",320
"<c8>",319
"stay",318
"tech",317
"twitter",316
"<d1>",312
"around",312
"post",312
"million",311
"listings",308
"space",307
"follow",303
"social",302
"year",301
"media",299
"see",296
"airbnb<d5>s",294
"2013",289
"day",280
"logo",274
"blog",273
"users",272
"best",270
"says",269
"2011",268
"next",267
"policy",267
"video",267
"even",266
"way",264
"reply",263
"rent",262
"many",261
"find",260
"hotels",259
"room",259
"november",257
"contact",256
"community",254
"place",254
"years",254
"much",253
"subscribe",253
"events",250
"said",249
"want",249
"team",244
"privacy",242
"sharing",242
"good",239
"know",239
"terms",236
"growth",235
"website",234
"brand",233
"marketing",232
"free",231
"story",229
"great",227
"help",226
"office",226
"stories",223
"week",222
"well",222
"jobs",221
"every",220
"money",218
"using",218
"read",217
"two",213
"view",213
"cities",212
"market",212
"chesky",211
"house",210
"android",209
"july",209
"sign",209
"night",207
"daily",201
"<a9>",200
"december",200
"top",199
"create",197
"things",197
"content",195
"digital",195
"really",195
"rooms",195
"made",192
"travelers",192
"right",191
"select",191
"inc",190
"need",190
"rentals",188
"companies",187
"data",187
"latest",186
"love",186
"open",185
"rental",185
"services",185
"apps",183
"guest",183
"industry",183
"2010",182
"book",182
"life",182
"popular",181
"economy",180
"hospitality",179
"last",179
"march",179
"online",179
"startup",179
"listing",178
"think",177
"via",177
"information",176
"web",176
"back",174
"real",172
"technology",172
"reviews",170
"might",169
"take",169
"apple",168
"going",167
"october",166
"building",164
"billion",163
"please",163
"look",162
"don<d5>t",161
"used",160
"comment",159
"hours",159
"report",159
"unique",159
"april",158
"august",158
"address",156
"big",156
"part",155
"places",155
"june",153
"booking",152
"list",152
"renting",152
"product",150
"features",149
"never",149
"properties",149
"property",149
"available",148
"something",148
"user",148
"check",146
"pay",146
"rights",146
"better",145
"homes",145
"another",143
"booked",143
"come",143
"you<d5>re",143
"weekly",142
"case",141
"food",141
"september",141
"still",140
"without",140
"customer",139
"different",139
"posts",139
"already",137
"today",137
"apartments",136
"days",136
"live",136
"since",136
"page",135
"personal",135
"watch",135
"airbnbs",134
"public",134
"tips",134
"article",133
"law",133
"nov",133
"price",133
"startups",133
"per",132
"photos",132
"living",131
"newsletter",131
"vacation",131
"ads",130
"internet",130
"related",130
"reserved",130
"2009",129
"strategy",129
"account",127
"idea",127
"month",125
"2008",124
"source",124
"full",123
"say",123
"less",122
"review",122
"advertisement",121
"always",121
"laws",121
"log",121
"advertise",120
"sure",120
"trust",120
"found",119
"techcrunch",119
"articles",118
"uber",118
"advertising",117
"gebbia",117
"got",117
"retrieved",117
"shares",117
"times",117
"delivered",116
"global",116
"international",116
"january",116
"platform",116
"working",116
"<c9>",115
"actually",115
"architecture",115
"change",115
"entire",115
"february",115
"feel",115
"looking",114
"making",114
"model",114
"months",114
"sites",114
"support",114
"private",113
"small",112
"insider",111
"three",111
"little",110
"number",109
"brian",108
"car",108
"illegal",108
"image",108
"nyc",108
"art",107
"created",107
"founders",107
"makes",107
"potential",107
"based",106
"linkedin",106
"long",106
"name",106
"photo",106
"state",106
"able",105
"accommodation",105
"thanks",105
"tweet",105
"<a5>",104
"friends",104
"offer",104
"guide",103
"experiences",102
"magazine",102
"set",102
"across",101
"bloomberg",101
"portland",101
"show",101
"started",101
"fact",100
"give",100
"network",100
"spaces",100
"europe",99
"future",99
"link",99
"location",99
"point",99
"campaign",98
"videos",98
"buy",97
"creative",97
"finance",97
"iphone",97
"job",97
"large",97
"marketplace",97
"offers",97
"print",97
"add",96
"countries",96
"funding",96
"getting",96
"nights",96
"yet",96
"hosting",95
"housing",95
"i<d5>m",94
"i<d5>ve",94
"recent",94
"that<d5>s",94
"adweek",93
"markets",93
"street",93
"become",92
"conference",92
"however",92
"london",92
"lot",92
"along",91
"important",91
"start",91
"wanted",91
"black",90
"early",90
"ever",90
"joe",90
"leave",90
"legal",90
"press",90
"previous",90
"accommodations",89
"bad",89
"learn",89
"least",89
"paris",89
"rss",89
"access",88
"dont",88
"include",88
"ios",88
"tax",88
"impact",87
"provide",87
"someone",87
"symbol",87
"system",87
"family",86
"health",86
"holiday",86
"taxes",86
"within",86
"copyright",85
"gets",85
"goes",85
"including",85
"key",85
"management",85
"meeting",85
"shortterm",85
"though",85
"build",84
"issue",84
"posted",84
"research",84
"sports",84
"area",83
"ask",83
"away",83
"company<d5>s",83
"far",83
"instagram",83
"person",83
"politics",83
"revenue",83
"try",83
"according",82
"biggest",82
"enter",82
"estate",82
"group",82
"problem",82
"products",82
"views",82
"visit",82
"close",81
"easy",81
"general",81
"owners",81
"profile",81
"short",81
"anywhere",80
"asia",80
"built",80
"ipad",80
"percent",80
"project",80
"staying",80
"tools",80
"designed",79
"hard",79
"order",79
"past",79
"process",79
"enough",78
"join",78
"neighborhoods",78
"perfect",78
"powered",78
"trip",78
"craigslist",77
"culture",77
"end",77
"everything",77
"infographic",77
"keep",77
"others",77
"safety",77
"staff",77
"education",76
"jul",76
"move",76
"rate",76
"results",76
"value",76
"youtube",76
"books",75
"click",75
"code",75
"entertainment",75
"lets",75
"menu",75
"old",75
"owner",75
"phone",75
"recently",75
"thing",75
"bed",74
"chart",74
"featured",74
"music",74
"send",74
